#username,balance
Sven,0
Leo,0
Melvin,0
Milan,0
Aisley,0
DennisW,0
Chris,0
Nick,0
lars,0
RobinW,0
Fleur,0
Tess,0
Lucal,0
Joris,0
Stam,0
Sander,0
Duco,0
TimV,0
Syb,0
Stjoris,0
Sabine,0
Femke,0
Sofie,0
AnoukDL,0
Alicia,0
Bestuur,0
Tristaan,0
Rik,0
Joep,0
RobinM,0
Cas,0
Barrie,0
Max,0
Sebas,0
Michiel,0
Bram,0
Pim,0
Wouter,0
Kenneth,0
Theo,0
Joooost,0
Martin,0
RobinMLuuk,0
Niels,0
Jessica,0
Kim,0
Ruben,0
Julia,0
Rick,0
Timon,0
Roy,0
Vrijwilligers,0
JeroenD,0
Ashley,0
WimG,0
Scouts,0
Geert,0
Rob,0
NielsN,0
Yvonne,0
Explorers,0
Julian,0
Martina,0
Alex,0
Casper,0
Erik,0
Ilse,0
Nieky,0
Maaike,0
Thijs,0
Remko,0
Regio,0
TomK,0
DennisM,0
Ralph,0
Anouk,0
Martijn,0
hann,0
BramZ,0
Kjeld,0
Lisette,0
Stefanie,0
JasperB,0
BramM,0
PelleEmma,0
Lieke,0
Zweitze,0
Jim,0
Joel,0
Bente,0
Benno,0
Gonnie,0
Moniek,0
Jasper,0
BartT,0
Shelly,0
Tara,0
Sem,0
Sydney,0
RickDL,0
MauriceH,0
Kilian,0
Laura,0
Joost,0
Jack,0